{"stats":{"minecraft:picked_up":{"minecraft:spruce_sapling":2,"minecraft:sugar_cane":7},"minecraft:custom":{"minecraft:jump":88,"minecraft:time_since_rest":10519,"minecraft:leave_game":1,"minecraft:walk_on_water_one_cm":321,"minecraft:damage_taken":20,"minecraft:sprint_one_cm":22106,"minecraft:play_time":10519,"minecraft:time_since_death":10519,"minecraft:walk_one_cm":4747,"minecraft:total_world_time":10519,"minecraft:walk_under_water_one_cm":124,"minecraft:swim_one_cm":2677,"minecraft:drop":2,"minecraft:fall_one_cm":2554,"minecraft:fly_one_cm":19435},"minecraft:mined":{"minecraft:spruce_leaves":2,"minecraft:sugar_cane":3},"minecraft:dropped":{"minecraft:spruce_sapling":2}},"DataVersion":3955}